who,what
0,LBE
0,11204
0,Brooklyn
1,BLACK
1,Cambria Heights
1,11411
1,WBE
1,MBE
2,Yorktown Heights
2,10598
2,BLACK
2,MBE
3,11561
3,BLACK
3,MBE
3,Long Beach
4,11235
4,Brooklyn
4,ASIAN
4,MBE
5,New York
5,10010
5,WBE
5,ASIAN
5,MBE
6,10026
6,New York
6,ASIAN
6,MBE
7,New York
7,BLACK
7,10026
7,MBE
8,10034
8,New York
8,MBE
8,HISPANIC
9,BLACK
9,10303
9,Staten Island
9,WBE
9,MBE
10,10018
10,New York
10,ASIAN
10,MBE
11,New York
11,HISPANIC
11,10034
11,WBE
11,MBE
12,New York
12,WBE
12,ASIAN
12,MBE
12,10013
13,Jamaica
13,BLACK
13,MBE
13,11434
14,NON-MINORITY
14,WBE
14,New York
14,10022
15,10304
15,BLACK
15,MBE
15,Staten Island
16,Bronx
16,BLACK
16,10454
16,MBE
17,New Rochelle
17,NON-MINORITY
17,WBE
17,10801
18,10301
18,NON-MINORITY
18,WBE
18,Staten Island
19,10006
19,NON-MINORITY
19,WBE
19,New York
20,Brooklyn
20,BLACK
20,11239
20,MBE
21,7035
21,Lincoln Park
21,MBE
21,HISPANIC
22,BLACK
22,New York
22,10027
22,WBE
22,MBE
23,10310
23,NON-MINORITY
23,WBE
23,Staten Island
24,New York
24,ASIAN
24,MBE
24,10013
25,NON-MINORITY
25,Cliffside Park
25,WBE
25,7010
26,10456
26,Bronx
26,BLACK
26,WBE
26,MBE
27,LBE
27,10003
27,New York
28,10303
28,Staten Island
28,MBE
28,HISPANIC
29,10001
29,New York
29,ASIAN
29,MBE
30,New York
30,11435
30,BLACK
30,MBE
31,Ozone Park
31,WBE
31,11417
32,Lawrence
32,11559
32,NON-MINORITY
32,WBE
33,LBE
33,Brooklyn
33,11230
33,ASIAN
33,MBE
34,11563
34,Lynbrook
34,MBE
34,HISPANIC
35,Newark
35,BLACK
35,MBE
35,7104
36,11356
36,NON-MINORITY
36,WBE
36,College Point
37,Berkeley Heights
37,7922
37,ASIAN
37,MBE
38,LBE
38,New York
38,HISPANIC
38,10040
38,WBE
38,MBE
39,East Elmhurst
39,11370
39,ASIAN
39,MBE
40,LBE
40,Astoria
40,11106
41,MBE
41,New York
41,HISPANIC
41,WBE
41,10001
42,LBE
42,Bronx
42,BLACK
42,10457
42,MBE
43,South Ozone Park
43,11420
43,BLACK
43,WBE
43,MBE
44,10920
44,Congers
44,ASIAN
44,MBE
45,Bronx
45,10456
45,BLACK
45,MBE
46,11219
46,Brooklyn
46,ASIAN
46,MBE
47,11360
47,ASIAN
47,MBE
47,Bayside
48,10001
48,NON-MINORITY
48,WBE
48,New York
49,10462
49,Bronx
49,MBE
49,HISPANIC
50,LBE
50,Bronx
50,BLACK
50,10470
50,MBE
51,11803
51,Plainview
51,ASIAN
51,MBE
52,Bronx
52,NON-MINORITY
52,WBE
52,10461
53,11726
53,NON-MINORITY
53,WBE
53,Copiague
54,NON-MINORITY
54,WBE
54,98229
54,Bellingham
55,Jamaica
55,11435
55,BLACK
55,MBE
56,11375
56,NON-MINORITY
56,WBE
56,Forest Hills
57,NON-MINORITY
57,10012
57,WBE
57,New York
58,LBE
58,Bronx
58,BLACK
58,10463
58,WBE
58,MBE
59,11706
59,Bay Shore
59,BLACK
59,MBE
60,NON-MINORITY
60,WBE
60,Montclair
60,7042
61,11101
61,NON-MINORITY
61,Elmhurst
61,WBE
62,11801
62,ASIAN
62,MBE
62,Hicksville
63,Westwood
63,7675
63,MBE
63,HISPANIC
64,10018
64,New York
64,ASIAN
64,MBE
65,LBE
65,Miller Place
65,11764
66,Jericho
66,ASIAN
66,MBE
66,11753
67,10107
67,NON-MINORITY
67,WBE
67,New York
68,Jamaica
68,BLACK
68,11432
68,MBE
69,Flushing
69,ASIAN
69,MBE
69,11367
70,BLACK
70,10019
70,New York
70,WBE
70,MBE
71,Richmond Hill
71,11418
71,WBE
71,ASIAN
71,MBE
72,Hempstead
72,11550
72,BLACK
72,MBE
73,Bronx
73,HISPANIC
73,10465
73,WBE
73,MBE
74,Croton-on-Hudson
74,10520
74,HISPANIC
74,WBE
74,MBE
75,New York
75,10010
75,MBE
75,HISPANIC
76,Bronx
76,NON-MINORITY
76,WBE
76,10461
77,NON-MINORITY
77,Mineola
77,WBE
77,11501
78,10550
78,Mount Vernon
78,ASIAN
78,MBE
79,10573
79,Port Chester
79,MBE
79,HISPANIC
80,NON-MINORITY
80,WBE
80,11566
80,Merrick
81,Long Island City
81,NON-MINORITY
81,11101
81,WBE
82,11208
82,Brooklyn
82,MBE
82,HISPANIC
83,11001
83,Floral Park
83,ASIAN
83,MBE
84,NON-MINORITY
84,WBE
84,10017
84,New York
85,NON-MINORITY
85,WBE
85,10017
85,New York
86,10016
86,New York
86,ASIAN
86,MBE
87,Bronx
87,10469
87,BLACK
87,MBE
88,10011
88,New York
88,ASIAN
88,MBE
89,Bronx
89,10466
89,BLACK
89,MBE
90,East Meadow
90,ASIAN
90,MBE
90,11554
91,NON-MINORITY
91,7712
91,WBE
91,Ocean Township
92,Bronx
92,ASIAN
92,MBE
92,10454
93,Flushing
93,NON-MINORITY
93,WBE
93,11366
94,NON-MINORITY
94,WBE
94,7004
94,Fairfield
95,10016
95,New York
95,WBE
95,ASIAN
95,MBE
96,Richmond Hill
96,ASIAN
96,MBE
96,11418
97,Brooklyn
97,BLACK
97,11216
97,MBE
98,New York
98,HISPANIC
98,WBE
98,MBE
98,10013
99,Bronx
99,10454
99,HISPANIC
99,WBE
99,MBE
100,New York
100,ASIAN
100,MBE
100,10010
101,NON-MINORITY
101,WBE
101,7642
101,Hillsdale
102,Brooklyn
102,BLACK
102,11238
102,WBE
102,MBE
103,LBE
103,Bayside
103,11361
103,ASIAN
103,MBE
104,10456
104,Bronx
104,MBE
104,HISPANIC
105,10018
105,New York
105,ASIAN
105,MBE
106,Elmsford
106,NON-MINORITY
106,10523
106,WBE
107,11220
107,Brooklyn
107,ASIAN
107,MBE
108,10514
108,NON-MINORITY
108,WBE
108,Chappaqua
109,Ozone Park
109,11417
109,ASIAN
109,MBE
110,11435
110,Jamaica
110,ASIAN
110,MBE
111,Westbury
111,11590
111,MBE
111,HISPANIC
112,10174
112,New York
112,ASIAN
112,MBE
113,10032
113,New York
113,MBE
113,HISPANIC
114,WBE
114,10175
114,New York
115,10128
115,New York
115,HISPANIC
115,WBE
115,MBE
116,11217
116,NON-MINORITY
116,WBE
116,Brooklyn
117,Brooklyn
117,BLACK
117,11225
117,MBE
118,Brooklyn
118,BLACK
118,11225
118,MBE
119,WBE
119,HISPANIC
119,Bloomfield
119,7003
119,MBE
120,10463
120,Bronx
120,MBE
120,HISPANIC
121,NON-MINORITY
121,Highland Park
121,WBE
121,8904
122,Astoria
122,11102
122,HISPANIC
122,WBE
122,MBE
123,Brooklyn
123,11221
123,BLACK
123,MBE
124,NON-MINORITY
124,10590
124,WBE
124,South Salem
125,Bronx
125,BLACK
125,MBE
125,10467
126,LBE
126,10940
126,HISPANIC
126,Middletown
126,MBE
127,Brooklyn
127,11212
127,BLACK
127,MBE
128,7060
128,N Plainfield
128,ASIAN
128,MBE
129,7069
129,BLACK
129,Watchung
129,MBE
130,Flushing
130,11355
130,ASIAN
130,MBE
131,Bronx
131,10474
131,NON-MINORITY
131,WBE
132,11375
132,Forest Hills
132,HISPANIC
132,WBE
132,MBE
133,Bronx
133,BLACK
133,MBE
133,10467
134,NON-MINORITY
134,WBE
134,10021
134,New York
135,11357
135,NON-MINORITY
135,WBE
135,Whitestone
136,7060
136,BLACK
136,Plainfield
136,MBE
137,NON-MINORITY
137,WBE
137,New York
137,10013
138,LBE
138,Brooklyn
138,11214
138,ASIAN
138,MBE
139,11206
139,NON-MINORITY
139,WBE
139,Brooklyn
140,LBE
140,11434
140,Jamaica
140,HISPANIC
140,MBE
141,LIC
141,NON-MINORITY
141,11101
141,WBE
142,7010
142,HISPANIC
142,Cliffside Park
142,WBE
142,MBE
143,White Plains
143,NON-MINORITY
143,10604
143,WBE
144,Flushing
144,ASIAN
144,MBE
144,11354
145,10016
145,New York
145,ASIAN
145,MBE
146,10314
146,NON-MINORITY
146,WBE
146,Staten Island
147,Lindehurst
147,11757
147,ASIAN
147,MBE
148,Jericho
148,ASIAN
148,MBE
148,11753
149,NON-MINORITY
149,Amityville
149,WBE
149,11701
150,11378
150,Maspeth
150,MBE
150,HISPANIC
151,Brooklyn
151,BLACK
151,11234
151,WBE
151,MBE
152,New York
152,10030
152,BLACK
152,MBE
153,11746
153,Huntington Station
153,BLACK
153,WBE
153,MBE
154,NATIVE AMERICAN
154,Lewiston
154,14092
154,WBE
154,MBE
155,10462
155,Bronx
155,MBE
155,HISPANIC
156,Far Rockaway
156,BLACK
156,MBE
156,11691
157,St. Albans
157,BLACK
157,11412
157,MBE
158,NON-MINORITY
158,WBE
158,Brooklyn
158,11230
159,11021
159,Great Neck
159,MBE
159,HISPANIC
160,11507
160,Albertson
160,ASIAN
160,MBE
161,BLACK
161,10118
161,New York
161,WBE
161,MBE
162,NON-MINORITY
162,WBE
162,10017
162,New York
163,St. Albans
163,BLACK
163,11412
163,MBE
164,10302
164,Staten Island
164,WBE
164,ASIAN
164,MBE
165,NON-MINORITY
165,WBE
165,New York
165,10010
166,NON-MINORITY
166,WBE
166,Flemington
166,8822
167,Brooklyn
167,BLACK
167,11203
167,MBE
168,7620
168,Alpine
168,WBE
168,ASIAN
168,MBE
169,10018
169,New York
169,WBE
169,ASIAN
169,MBE
170,Hempstead
170,11550
170,MBE
170,HISPANIC
171,10552
171,Mount Vernon
171,MBE
171,HISPANIC
172,Queens Village
172,11427
172,BLACK
172,MBE
173,11206
173,NON-MINORITY
173,WBE
173,Brooklyn
174,11373
174,Elmhurst
174,MBE
174,HISPANIC
175,Brooklyn
175,ASIAN
175,MBE
175,11232
176,Brooklyn
176,11231
176,MBE
176,HISPANIC
177,10306
177,NON-MINORITY
177,WBE
177,Staten Island
178,NON-MINORITY
178,WBE
178,New York
178,10013
179,NON-MINORITY
179,WBE
179,10021
179,New York
180,NON-MINORITY
180,WBE
180,New York
180,10018
181,Brooklyn
181,BLACK
181,11205
181,WBE
181,MBE
182,Brooklyn
182,BLACK
182,11234
182,WBE
182,MBE
183,South Plainfield
183,7080
183,ASIAN
183,MBE
184,Huntington
184,NON-MINORITY
184,11743
184,WBE
185,LBE
185,11377
185,Woodside
185,ASIAN
185,MBE
186,10001
186,New York
186,BLACK
186,MBE
187,Brooklyn
187,11221
187,BLACK
187,MBE
188,NON-MINORITY
188,10176
188,WBE
188,New York
189,7601
189,BLACK
189,Hackensack
189,MBE
190,10462
190,Bronx
190,ASIAN
190,MBE
191,10703
191,Yonkers
191,BLACK
191,MBE
192,Bronx
192,BLACK
192,MBE
192,10467
193,11040
193,New Hyde Park
193,MBE
193,HISPANIC
194,East Elmhurst
194,11370
194,ASIAN
194,MBE
195,New York
195,10030
195,BLACK
195,MBE
196,Long Island City
196,11101
196,MBE
196,HISPANIC
197,NON-MINORITY
197,WBE
197,10302
197,Staten Island
198,10001
198,NON-MINORITY
198,WBE
198,New York
199,MBE
199,New York
199,HISPANIC
199,WBE
199,10001
200,11233
200,Brooklyn
200,MBE
200,HISPANIC
201,10165
201,New York
201,ASIAN
201,MBE
202,Dayton
202,8810
202,ASIAN
202,MBE
203,11413
203,Springfield Gardens
203,ASIAN
203,MBE
204,10018
204,New York
204,MBE
204,HISPANIC
205,8844
205,ASIAN
205,MBE
205,Hillsborough
206,Brooklyn
206,11226
206,BLACK
206,MBE
207,Edison
207,8837
207,HISPANIC
207,WBE
207,MBE
208,10033
208,New York
208,MBE
208,HISPANIC
209,Rosedale
209,11422
209,BLACK
209,MBE
210,LBE
210,11204
210,Brooklyn
210,ASIAN
210,MBE
211,Long Island City
211,11101
211,ASIAN
211,MBE
212,10029
212,BLACK
212,New York
212,WBE
212,MBE
213,BLACK
213,Cherry Hill
213,8003
213,WBE
213,MBE
214,Long Island City
214,NON-MINORITY
214,11101
214,WBE
215,LBE
215,11435
215,Jamaica
216,NON-MINORITY
216,WBE
216,11201
216,Brooklyn
217,Woodbridge
217,7095
217,ASIAN
217,MBE
218,11205
218,NON-MINORITY
218,WBE
218,Brooklyn
219,Bronx
219,BLACK
219,10466
219,WBE
219,MBE
220,Long Island City
220,11106
220,MBE
220,HISPANIC
221,10011
221,New York
221,MBE
221,HISPANIC
222,LBE
222,Brooklyn
222,11236
222,ASIAN
222,MBE
223,Jamaica
223,BLACK
223,11432
223,MBE
224,Far Rockaway
224,BLACK
224,MBE
224,11691
225,New York
225,ASIAN
225,MBE
225,10013
226,10011
226,New York
226,ASIAN
226,MBE
227,Jamaica
227,BLACK
227,MBE
227,11434
228,New York
228,10010
228,MBE
228,HISPANIC
229,Union
229,HISPANIC
229,7083
229,WBE
229,MBE
230,Brooklyn
230,11208
230,BLACK
230,MBE
231,Bronx
231,BLACK
231,10454
231,MBE
232,Morris Plains
232,7950
232,WBE
232,ASIAN
232,MBE
233,Jackson Heights
233,11372
233,MBE
233,HISPANIC
234,10011
234,New York
234,WBE
234,ASIAN
234,MBE
235,10016
235,New York
235,ASIAN
235,MBE
236,South Nyack
236,BLACK
236,10960
236,MBE
237,NON-MINORITY
237,WBE
237,7511
237,Totowa
238,7090
238,NON-MINORITY
238,WBE
238,Westfield
239,NON-MINORITY
239,WBE
239,New York
239,10018
240,10003
240,NON-MINORITY
240,WBE
240,New York
241,11211
241,Brooklyn
241,ASIAN
241,MBE
242,10469
242,Bronx
242,MBE
242,HISPANIC
243,Bronx
243,BLACK
243,MBE
243,10470
244,11430
244,NON-MINORITY
244,WBE
244,Jamaica
245,Summit
245,NON-MINORITY
245,7901
245,WBE
246,Bronx
246,10460
246,HISPANIC
246,WBE
246,MBE
247,10022
247,New York
247,WBE
247,ASIAN
247,MBE
248,Malverne
248,BLACK
248,MBE
248,11565
249,LBE
249,10012
249,New York
249,ASIAN
249,MBE
250,11435
250,BLACK
250,MBE
250,Briarwood
251,11509
251,Atlantic Beach
251,MBE
251,HISPANIC
252,11205
252,Brooklyn
252,ASIAN
252,MBE
253,Bronx
253,BLACK
253,10454
253,MBE
254,NON-MINORITY
254,WBE
254,10941
254,Middletown
255,New York
255,10030
255,BLACK
255,MBE
256,BLACK
256,10024
256,New York
256,WBE
256,MBE
257,11226
257,Brooklyn
257,ASIAN
257,MBE
258,LBE
258,11746
258,Huntington
259,Brooklyn
259,BLACK
259,MBE
259,11236
260,10038
260,New York
260,ASIAN
260,MBE
261,NON-MINORITY
261,7020
261,WBE
261,Edgewater
262,NON-MINORITY
262,WBE
262,New York
262,10010
263,10280
263,New York
263,BLACK
263,MBE
264,Kew Gardens
264,11415
264,BLACK
264,MBE
265,Bronx
265,BLACK
265,MBE
265,10457
266,Cranbury
266,8512
266,ASIAN
266,MBE
267,10011
267,New York
267,MBE
267,HISPANIC
268,Jamaica
268,11435
268,BLACK
268,MBE
269,Huntington
269,NON-MINORITY
269,11743
269,WBE
270,Ozone Park
270,11417
270,ASIAN
270,MBE
271,NON-MINORITY
271,WBE
271,10025
271,New York
272,Brooklyn
272,BLACK
272,11233
272,WBE
272,MBE
273,11218
273,NON-MINORITY
273,WBE
273,Brooklyn
274,LBE
274,Brooklyn
274,BLACK
274,11210
274,MBE
275,10532
275,NON-MINORITY
275,WBE
275,Harrison
276,11746
276,NON-MINORITY
276,Dix Hills
276,WBE
277,NON-MINORITY
277,10012
277,WBE
277,New York
278,10019
278,New York
278,MBE
278,HISPANIC
279,Bohemia
279,ASIAN
279,MBE
279,11716
280,Brooklyn
280,ASIAN
280,MBE
280,11232
281,Island Park
281,NON-MINORITY
281,WBE
281,11558
282,BLACK
282,11001
282,Bellerose Village
282,WBE
282,MBE
283,BLACK
283,11727
283,Coram
283,WBE
283,MBE
284,Tarrytown
284,NON-MINORITY
284,10591
284,WBE
285,Brooklyn
285,BLACK
285,11224
285,MBE
286,NON-MINORITY
286,7650
286,WBE
286,Palisades Park
287,New York
287,BLACK
287,10036
287,MBE
288,New York
288,10019
288,BLACK
288,MBE
289,10018
289,New York
289,MBE
289,HISPANIC
290,NON-MINORITY
290,7601
290,WBE
290,Hackensack
291,10032
291,NON-MINORITY
291,WBE
291,New York
292,11757
292,NON-MINORITY
292,WBE
292,Lindenhurst
293,10012
293,New York
293,MBE
293,HISPANIC
294,Westport
294,NON-MINORITY
294,WBE
294,6880
295,10004
295,NON-MINORITY
295,WBE
295,New York
296,Nyack
296,NON-MINORITY
296,WBE
296,10960
297,10007
297,NON-MINORITY
297,WBE
297,New York
298,BLACK
298,10031
298,New York
298,WBE
298,MBE
299,7087
299,Union City
299,MBE
299,HISPANIC
300,7601
300,Hackensack
300,MBE
300,HISPANIC
301,Flushing
301,ASIAN
301,MBE
301,11354
302,N/A
302,Syosset
302,WBE
302,11791
303,WBE
303,New York
303,10013
304,Bronx
304,10453
304,BLACK
304,WBE
304,MBE
305,10023
305,BLACK
305,New York
305,WBE
305,MBE
306,Jamaica
306,BLACK
306,11432
306,MBE
307,NON-MINORITY
307,WBE
307,New York
307,10013
308,10279
308,New York
308,ASIAN
308,MBE
309,Long Island City
309,11106
309,ASIAN
309,MBE
310,New York
310,10018
310,WBE
310,MBE
311,11385
311,Ridgewood
311,MBE
311,HISPANIC
312,10001
312,New York
312,ASIAN
312,MBE
313,10310
313,NON-MINORITY
313,WBE
313,Staten Island
314,LBE
314,Brooklyn
314,11238
314,ASIAN
314,MBE
315,NON-MINORITY
315,10002
315,WBE
315,New York
316,10004
316,NON-MINORITY
316,WBE
316,New York
317,10001
317,New York
317,BLACK
317,MBE
318,Elmont
318,BLACK
318,MBE
318,11003
319,10562
319,Ossining
319,BLACK
319,MBE
320,New York
320,10019
320,BLACK
320,MBE
321,11501
321,Mineola
321,ASIAN
321,MBE
322,NON-MINORITY
322,WBE
322,Valley Stream
322,11581
323,New York
323,BLACK
323,MBE
323,10035
324,Fort Salonga
324,NON-MINORITY
324,WBE
324,11768
325,11222
325,NON-MINORITY
325,WBE
325,Brooklyn
326,LBE
326,11040
326,New Hyde Park
326,ASIAN
326,MBE
327,7070
327,Rutherford
327,WBE
327,ASIAN
327,MBE
328,NON-MINORITY
328,WBE
328,Brooklyn
328,11209
329,11556
329,Uniondale
329,BLACK
329,MBE
330,LBE
330,Middle Village
330,11379
331,7310
331,Jersey City
331,WBE
331,ASIAN
331,MBE
332,10016
332,NON-MINORITY
332,WBE
332,New York
333,Rosedale
333,11422
333,BLACK
333,MBE
334,South Richmond Hill
334,11419
334,BLACK
334,MBE
335,NON-MINORITY
335,WBE
335,11224
335,Brooklyn
336,Brooklyn
336,BLACK
336,MBE
336,11236
337,St. Albans
337,BLACK
337,11412
337,MBE
338,New York
338,10030
338,BLACK
338,MBE
339,11206
339,Brooklyn
339,MBE
339,HISPANIC
340,7405
340,NON-MINORITY
340,WBE
340,Kinnelon
341,NON-MINORITY
341,7601
341,WBE
341,Hackensack
342,11729
342,BLACK
342,WBE
342,MBE
342,Deer Park
343,Bronx
343,NON-MINORITY
343,WBE
343,10454
344,NON-MINORITY
344,WBE
344,11201
344,Brooklyn
345,New York
345,10036
345,MBE
345,HISPANIC
346,Ozone Park
346,11417
346,ASIAN
346,MBE
347,10005
347,NON-MINORITY
347,WBE
347,New York
348,BLACK
348,Freehold
348,7728
348,WBE
348,MBE
349,NON-MINORITY
349,WBE
349,New York
349,10018
350,10001
350,NON-MINORITY
350,WBE
350,New York
351,Old Bethpage
351,NON-MINORITY
351,11804
351,WBE
352,10456
352,Bronx
352,BLACK
352,WBE
352,MBE
353,LBE
353,8857
353,Old Bridge
354,11361
354,ASIAN
354,MBE
354,Bayside
355,Flushing
355,11355
355,ASIAN
355,MBE
356,Manasquan
356,8736
356,NON-MINORITY
356,WBE
357,10001
357,New York
357,MBE
357,HISPANIC
358,LBE
358,Brooklyn
358,NON-MINORITY
358,11229
358,WBE
359,10465
359,Bronx
359,MBE
359,HISPANIC
360,11206
360,NON-MINORITY
360,WBE
360,Brooklyn
361,New York
361,BLACK
361,MBE
361,10035
362,NON-MINORITY
362,WBE
362,New York
362,10022
363,11106
363,Astoria
363,MBE
363,HISPANIC
364,10004
364,NON-MINORITY
364,WBE
364,New York
365,Woodside
365,NON-MINORITY
365,WBE
365,11377
366,11694
366,Rockaway Park
366,MBE
366,HISPANIC
367,Bronx
367,10466
367,BLACK
367,MBE
368,New York
368,BLACK
368,MBE
368,10004
369,11561
369,Long Beach
369,WBE
369,ASIAN
369,MBE
370,10120
370,New York
370,ASIAN
370,MBE
371,Jamaica
371,BLACK
371,MBE
371,11434
372,BLACK
372,10030
372,New York
372,WBE
372,MBE
373,BLACK
373,Tenafly
373,MBE
373,7670
374,Brooklyn
374,BLACK
374,11210
374,MBE
375,10451
375,Bronx
375,MBE
375,HISPANIC
376,NON-MINORITY
376,WBE
376,New York
376,10009
377,10016
377,New York
377,ASIAN
377,MBE
378,LBE
378,Brooklyn
378,11231
378,HISPANIC
378,MBE
379,10553
379,BLACK
379,MBE
379,Mt. Vernon
380,LBE
380,Brooklyn
380,BLACK
380,11216
380,MBE
381,10701
381,Yonkers
381,BLACK
381,MBE
382,10025
382,New York
382,MBE
382,HISPANIC
383,Bronx
383,BLACK
383,MBE
383,10457
384,10312
384,NON-MINORITY
384,WBE
384,Staten Island
385,10314
385,NON-MINORITY
385,WBE
385,Staten Island
386,LBE
386,10302
386,Staten Island
387,NON-MINORITY
387,WBE
387,10594
387,Thornwood
388,10168
388,New York
388,MBE
388,HISPANIC
389,11419
389,Richmond Hill
389,BLACK
389,MBE
390,Brooklyn
390,11218
390,HISPANIC
390,WBE
390,MBE
391,10075
391,NON-MINORITY
391,WBE
391,New York
392,11411
392,BLACK
392,MBE
392,Cambria Heights
393,10005
393,NON-MINORITY
393,WBE
393,New York
394,11722
394,Central Islip
394,MBE
394,HISPANIC
395,BLACK
395,10026
395,New York
395,WBE
395,MBE
396,Brooklyn
396,BLACK
396,11205
396,WBE
396,MBE
397,Bronx
397,10475
397,BLACK
397,MBE
398,New York
398,10018
398,BLACK
398,MBE
399,LBE
399,10314
399,Staten Island
400,11205
400,Brooklyn
400,ASIAN
400,MBE
401,Bronx
401,10454
401,HISPANIC
401,WBE
401,MBE
402,10550
402,Mt. Vernon
402,MBE
402,HISPANIC
403,11433
403,Jamaica
403,MBE
403,HISPANIC
404,New York
404,BLACK
404,MBE
404,10004
405,Syosset
405,11791
405,MBE
405,HISPANIC
406,10469
406,Bronx
406,MBE
406,HISPANIC
407,Brooklyn
407,11226
407,BLACK
407,MBE
408,10993
408,West Haverstraw
408,MBE
408,HISPANIC
409,Bronx
409,BLACK
409,WBE
409,10458
409,MBE
410,Brooklyn
410,BLACK
410,11216
410,WBE
410,MBE
411,NON-MINORITY
411,10012
411,WBE
411,New York
412,Long Island City
412,NON-MINORITY
412,11101
412,WBE
413,11501
413,Mineola
413,BLACK
413,MBE
414,Oakhurst
414,NON-MINORITY
414,WBE
414,7755
415,10029
415,New York
415,MBE
415,HISPANIC
416,10038
416,New York
416,MBE
416,HISPANIC
417,8812
417,WBE
417,ASIAN
417,MBE
417,Greenbrook
418,10553
418,BLACK
418,Mount Vernon
418,MBE
419,10456
419,Bronx
419,MBE
419,HISPANIC
420,LBE
420,Astoria
420,11106
420,ASIAN
420,MBE
421,LBE
421,MBE
421,Roslyn
421,HISPANIC
421,11576
422,Lyndhurst
422,7071
422,BLACK
422,MBE
423,BLACK
423,10031
423,New York
423,WBE
423,MBE
424,NON-MINORITY
424,WBE
424,New York
424,10013
425,Brooklyn
425,11226
425,BLACK
425,MBE
426,Bronx
426,BLACK
426,MBE
426,10467
427,NON-MINORITY
427,WBE
427,7645
427,Montvale
428,NON-MINORITY
428,10023
428,WBE
428,New York
429,NON-MINORITY
429,WBE
429,Congers
429,10920
430,Brooklyn
430,ASIAN
430,MBE
430,11207
431,10034
431,New York
431,MBE
431,HISPANIC
432,NON-MINORITY
432,WBE
432,New York
432,10018
433,10703
433,Yonkers
433,BLACK
433,MBE
434,10708
434,NON-MINORITY
434,WBE
434,Bronxville
435,10016
435,NON-MINORITY
435,WBE
435,New York
436,WBE
436,West Islip
436,11795
436,ASIAN
436,MBE
437,Far Rockaway
437,11691
437,MBE
437,HISPANIC
438,10001
438,NON-MINORITY
438,WBE
438,New York
439,Brooklyn
439,11205
439,BLACK
439,MBE
440,7661
440,ASIAN
440,MBE
440,River Edge
441,10037
441,BLACK
441,New York
441,WBE
441,MBE
442,10001
442,New York
442,ASIAN
442,MBE
443,Mountainside
443,ASIAN
443,MBE
443,7092
444,Brooklyn
444,11220
444,BLACK
444,MBE
445,NON-MINORITY
445,WBE
445,11215
445,Brooklyn
446,10024
446,NON-MINORITY
446,WBE
446,New York
447,NON-MINORITY
447,WBE
447,10017
447,New York
448,11101
448,Long Island City
448,WBE
448,ASIAN
448,MBE
449,10007
449,New York
449,ASIAN
449,MBE
450,11208
450,NON-MINORITY
450,WBE
450,Brooklyn
451,11385
451,NON-MINORITY
451,WBE
451,Glendale
452,11218
452,NON-MINORITY
452,WBE
452,Brooklyn
453,NON-MINORITY
453,WBE
453,11234
453,Brooklyn
454,10004
454,New York
454,ASIAN
454,MBE
455,Bronx
455,10455
455,MBE
455,HISPANIC
456,NON-MINORITY
456,WBE
456,New York
456,10010
457,LBE
457,10475
457,Bronx
458,Hazlet
458,NON-MINORITY
458,WBE
458,7730
459,10530
459,BLACK
459,Hartsdale
459,MBE
460,10306
460,ASIAN
460,MBE
460,Staten Island
461,Brooklyn
461,11226
461,BLACK
461,MBE
462,Brooklyn
462,11226
462,BLACK
462,MBE
463,Hoboken
463,7030
463,ASIAN
463,MBE
464,Ozone Park
464,11417
464,ASIAN
464,MBE
465,LBE
465,11378
465,Maspeth
466,Ozone Park
466,11417
466,MBE
466,HISPANIC
467,10310
467,ASIAN
467,MBE
467,Staten Island
468,NON-MINORITY
468,WBE
468,11361
468,Bayside
469,Monsey
469,10952
469,MBE
469,HISPANIC
470,11413
470,Springfield Gardens
470,MBE
470,HISPANIC
471,Bronx
471,BLACK
471,MBE
471,10467
472,NON-MINORITY
472,WBE
472,New York
472,10013
473,11560
473,Lattingtown
473,NON-MINORITY
473,WBE
474,11377
474,Woodside
474,MBE
474,HISPANIC
475,Bronx
475,10467
475,HISPANIC
475,WBE
475,MBE
476,BLACK
476,Brookhaven
476,11719
476,WBE
476,MBE
477,NON-MINORITY
477,2738
477,WBE
477,Marion
478,11232
478,Brooklyn
478,MBE
478,HISPANIC
479,Westbury
479,11590
479,MBE
479,HISPANIC
480,10007
480,New York
480,ASIAN
480,MBE
481,10304
481,NON-MINORITY
481,WBE
481,Staten Island
482,Bronx
482,BLACK
482,MBE
482,10470
483,Howard Beach
483,HISPANIC
483,11414
483,WBE
483,MBE
484,New York
484,10018
484,BLACK
484,MBE
485,Englewood
485,BLACK
485,MBE
485,7631
486,Brooklyn
486,BLACK
486,11216
486,WBE
486,MBE
487,11520
487,Freeport
487,BLACK
487,MBE
488,11722
488,Central Islip
488,MBE
488,HISPANIC
489,10003
489,New York
489,HISPANIC
489,WBE
489,MBE
490,10460
490,Bronx
490,MBE
490,HISPANIC
491,11413
491,BLACK
491,Laurelton
491,MBE
492,Long Island City
492,11101
492,MBE
493,Flushing
493,11354
493,MBE
493,HISPANIC
494,10550
494,BLACK
494,Mount Vernon
494,MBE
495,Brooklyn
495,BLACK
495,11210
495,MBE
496,11208
496,Brooklyn
496,ASIAN
496,MBE
497,BLACK
497,10026
497,New York
497,WBE
497,MBE
498,8558
498,Skillman
498,ASIAN
498,MBE
499,10001
499,New York
499,ASIAN
499,MBE
500,10001
500,New York
500,MBE
500,HISPANIC
501,Flushing
501,11355
501,NON-MINORITY
501,WBE
502,11237
502,Brooklyn
502,MBE
502,HISPANIC
503,BLACK
503,10553
503,WBE
503,MBE
503,Mt. Vernon
504,10001
504,New York
504,MBE
504,HISPANIC
505,10016
505,NON-MINORITY
505,WBE
505,New York
506,Bergenfield
506,NON-MINORITY
506,WBE
506,7621
507,Teterboro
507,7608
507,HISPANIC
507,WBE
507,MBE
508,NON-MINORITY
508,7005
508,WBE
508,Booton
509,LBE
509,11378
509,Maspeth
510,Newark
510,BLACK
510,7107
510,MBE
511,New York
511,10038
511,BLACK
511,MBE
512,11735
512,Farmingdale
512,WBE
512,ASIAN
512,MBE
513,Poughquag
513,12570
513,ASIAN
513,MBE
514,Princeton
514,BLACK
514,MBE
514,8540
515,New York
515,BLACK
515,MBE
515,10010
516,Kenilworth
516,7033
516,ASIAN
516,MBE
517,10314
517,Staten Island
517,MBE
517,HISPANIC
518,32963
518,HISPANIC
518,Vero Beach
518,WBE
518,MBE
519,Brooklyn
519,11205
519,HISPANIC
519,WBE
519,MBE
520,NON-MINORITY
520,10038
520,WBE
520,New York
521,10021
521,New York
521,ASIAN
521,MBE
522,Brooklyn
522,BLACK
522,MBE
522,11236
523,11206
523,NON-MINORITY
523,WBE
523,Brooklyn
524,NON-MINORITY
524,Mineola
524,WBE
524,11501
525,NON-MINORITY
525,WBE
525,New York
525,10010
526,New York
526,10029
526,BLACK
526,MBE
527,LBE
527,10016
527,New York
528,LBE
528,Maspeth
528,NON-MINORITY
528,11378
528,WBE
529,10528
529,NON-MINORITY
529,WBE
529,Harrison
530,ASIAN
530,Medord
530,WBE
530,11763
530,MBE
531,10001
531,New York
531,BLACK
531,MBE
532,NON-MINORITY
532,WBE
532,Melville
532,11747
533,Bethel
533,6801
533,BLACK
533,MBE
534,Long Island City
534,11101
534,MBE
534,HISPANIC
535,LBE
535,11758
535,Massapequa
536,Newark
536,BLACK
536,7107
536,MBE
537,NON-MINORITY
537,10011
537,WBE
537,New York
538,Huntington
538,11743
538,BLACK
538,MBE
539,Baldwin
539,NON-MINORITY
539,WBE
539,11510
540,11411
540,BLACK
540,MBE
540,Cambria Heights
541,11375
541,NON-MINORITY
541,WBE
541,Forest Hills
542,Rego Park
542,BLACK
542,MBE
542,11374
543,10552
543,BLACK
543,Mount Vernon
543,MBE
544,NON-MINORITY
544,WBE
544,11530
544,Garden City
545,11516
545,NON-MINORITY
545,WBE
545,Cedarhurst
546,NON-MINORITY
546,10119
546,WBE
546,New York
547,BLACK
547,Elmont
547,WBE
547,MBE
547,11003
548,NON-MINORITY
548,WBE
548,New York
548,10010
549,Peekskill
549,10566
549,MBE
549,HISPANIC
550,Peekskill
550,10566
550,MBE
550,HISPANIC
551,NON-MINORITY
551,WBE
551,11201
551,Brooklyn
552,NON-MINORITY
552,Carle Place
552,WBE
552,11514
553,7601
553,Hackensack
553,HISPANIC
553,WBE
553,MBE
554,New York
554,10010
554,MBE
554,HISPANIC
555,Long Island City
555,NON-MINORITY
555,WBE
555,11106
556,11217
556,Brooklyn
556,MBE
556,HISPANIC
557,Huntington
557,11743
557,BLACK
557,MBE
558,Flushing
558,ASIAN
558,MBE
558,11354
559,10005
559,New York
559,MBE
559,HISPANIC
560,11566
560,Merrick
560,WBE
560,ASIAN
560,MBE
561,11566
561,Merrick
561,WBE
561,ASIAN
561,MBE
562,Brooklyn
562,11226
562,BLACK
562,MBE
563,NON-MINORITY
563,WBE
563,11235
563,Brooklyn
564,BLACK
564,10005
564,New York
564,WBE
564,MBE
565,10018
565,New York
565,ASIAN
565,MBE
566,10461
566,Bronx
566,MBE
566,HISPANIC
567,Millstone Township
567,NON-MINORITY
567,WBE
567,8535
568,Yorktown Heights
568,NON-MINORITY
568,10598
568,WBE
569,NON-MINORITY
569,10011
569,WBE
569,New York
570,LBE
570,10465
570,Bronx
571,MBE
571,New York
571,HISPANIC
571,WBE
571,10001
572,Tuckahoe
572,10707
572,MBE
572,HISPANIC
573,LBE
573,10465
573,Bronx
574,NON-MINORITY
574,WBE
574,New York
574,10010
575,Brooklyn
575,11211
575,BLACK
575,MBE
576,Ossining
576,10562
576,HISPANIC
576,WBE
576,MBE
577,White Plains
577,BLACK
577,10601
577,WBE
577,MBE
578,New York
578,10005
578,BLACK
578,MBE
579,BLACK
579,10532
579,Hawthorne
579,WBE
579,MBE
580,NON-MINORITY
580,WBE
580,New York
580,10013
581,South Ozone Park
581,11420
581,MBE
581,HISPANIC
582,Levittown
582,NON-MINORITY
582,WBE
582,11756
583,Bronx
583,10451
583,BLACK
583,MBE
584,Tinton Falls
584,ASIAN
584,MBE
584,7724
585,NON-MINORITY
585,WBE
585,New York
585,10010
586,11563
586,BLACK
586,MBE
586,Lynbrook
587,11237
587,Brooklyn
587,ASIAN
587,MBE
588,10005
588,New York
588,MBE
588,HISPANIC
589,11436
589,Jamaica
589,BLACK
589,MBE
590,New York
590,ASIAN
590,MBE
590,10013
591,Brooklyn
591,BLACK
591,11216
591,MBE
592,11746
592,Dix Hills
592,WBE
592,ASIAN
592,MBE
593,St. Albans
593,BLACK
593,11412
593,MBE
594,Hazlet
594,NON-MINORITY
594,WBE
594,7730
595,White Plains
595,BLACK
595,MBE
595,10601
596,Brooklyn
596,BLACK
596,11225
596,MBE
597,NON-MINORITY
597,WBE
597,New York
597,10035
598,Brooklyn
598,11217
598,BLACK
598,MBE
599,11580
599,BLACK
599,MBE
599,Valley Stream
600,BLACK
600,10701
600,Yonkers
600,WBE
600,MBE
601,BLACK
601,New Rochelle
601,WBE
601,MBE
601,10801
602,Martinsville
602,NON-MINORITY
602,WBE
602,8836
603,10001
603,NON-MINORITY
603,WBE
603,New York
604,NON-MINORITY
604,WBE
604,10025
604,New York
605,NON-MINORITY
605,WBE
605,10017
605,New York
606,Edgewater
606,7020
606,BLACK
606,MBE
607,11229
607,Brooklyn
607,ASIAN
607,MBE
608,East Orange
608,BLACK
608,7018
608,MBE
609,11205
609,Brooklyn
609,ASIAN
609,MBE
610,10510
610,Briarcliff Manor
610,ASIAN
610,MBE
611,Long Island City
611,11101
611,MBE
611,HISPANIC
612,10003
612,NON-MINORITY
612,WBE
612,New York
613,Brooklyn
613,11212
613,HISPANIC
613,WBE
613,MBE
614,NON-MINORITY
614,WBE
614,New York
614,10018
615,10036
615,New York
615,ASIAN
615,MBE
616,Rahway
616,NON-MINORITY
616,WBE
616,7065
617,BLACK
617,10007
617,New York
617,WBE
617,MBE
618,Jamaica
618,BLACK
618,MBE
618,11434
619,10038
619,New York
619,ASIAN
619,MBE
620,BLACK
620,10026
620,New York
620,WBE
620,MBE
621,Long Island City
621,11101
621,MBE
621,HISPANIC
622,10016
622,NON-MINORITY
622,WBE
622,New York
623,10001
623,NON-MINORITY
623,WBE
623,New York
624,Bronx
624,10462
624,BLACK
624,MBE
625,NON-MINORITY
625,10012
625,WBE
625,New York
626,New York
626,10128
626,MBE
626,HISPANIC
627,Long Island City
627,11101
627,MBE
627,HISPANIC
628,Brooklyn
628,BLACK
628,11213
628,MBE
629,NON-MINORITY
629,WBE
629,11241
629,Brooklyn
630,West Babylon
630,11704
630,BLACK
630,MBE
631,10018
631,New York
631,MBE
631,HISPANIC
632,Long Island City
632,NON-MINORITY
632,11101
632,WBE
633,NON-MINORITY
633,WBE
633,10017
633,New York
634,7652
634,NON-MINORITY
634,WBE
634,Paramus
635,WBE
635,7677
635,Woodcliff Lake
635,ASIAN
635,MBE
636,Brooklyn
636,BLACK
636,11225
636,MBE
637,10007
637,NON-MINORITY
637,WBE
637,New York
638,LBE
638,11101
638,BLACK
638,Long Island City
638,MBE
639,HISPANIC
639,Elmont
639,WBE
639,MBE
639,11003
640,N. Bergen
640,7047
640,ASIAN
640,MBE
641,10005
641,New York
641,MBE
641,HISPANIC
642,11704
642,NON-MINORITY
642,WBE
642,West Babylon
643,10016
643,NON-MINORITY
643,WBE
643,New York
644,NON-MINORITY
644,WBE
644,New York
644,10165
645,New York
645,ASIAN
645,MBE
645,10022
646,10001
646,NON-MINORITY
646,WBE
646,New York
647,New York
647,10006
647,BLACK
647,MBE
648,Florham Park
648,BLACK
648,7932
648,WBE
648,MBE
649,Bronx
649,10475
649,BLACK
649,MBE
650,10001
650,New York
650,ASIAN
650,MBE
651,Elmhurst
651,11373
651,HISPANIC
651,WBE
651,MBE
652,10467
652,Bronx
652,ASIAN
652,MBE
653,WBE
653,11201
653,Brooklyn
654,10469
654,Bronx
654,ASIAN
654,MBE
655,10502
655,Ardsley
655,WBE
655,ASIAN
655,MBE
656,BLACK
656,New York
656,10032
656,WBE
656,MBE
657,HISPANIC
657,North Bellmore
657,11710
657,WBE
657,MBE
658,LBE
658,10466
658,Bronx
659,Bronx
659,BLACK
659,MBE
659,10473
660,Brooklyn
660,BLACK
660,11213
660,MBE
661,Brooklyn
661,BLACK
661,MBE
661,11236
662,New York
662,BLACK
662,MBE
662,10037
663,10007
663,New York
663,MBE
663,HISPANIC
664,10467
664,Bronx
664,MBE
664,HISPANIC
665,BLACK
665,11747
665,Melville
665,WBE
665,MBE
666,Flushing
666,ASIAN
666,MBE
666,11354
667,11216
667,Brooklyn
667,ASIAN
667,MBE
668,10030
668,New York
668,MBE
668,HISPANIC
669,New York
669,BLACK
669,10128
669,MBE
670,Brooklyn
670,BLACK
670,WBE
670,11222
670,MBE
671,NON-MINORITY
671,WBE
671,11201
671,Brooklyn
672,New City
672,10956
672,HISPANIC
672,WBE
672,MBE
673,NON-MINORITY
673,WBE
673,11429
673,Queens Village
674,Iselin
674,8830
674,ASIAN
674,MBE
675,Jamaica
675,11433
675,BLACK
675,MBE
676,Queens Village
676,11428
676,ASIAN
676,MBE
677,10002
677,New York
677,WBE
677,ASIAN
677,MBE
678,BLACK
678,10031
678,New York
678,WBE
678,MBE
679,Bronx
679,10460
679,BLACK
679,MBE
680,Roosevelt
680,11575
680,MBE
680,HISPANIC
681,Port Washington
681,ASIAN
681,MBE
681,11050
682,Brooklyn
682,11207
682,MBE
682,HISPANIC
683,10032
683,NON-MINORITY
683,WBE
683,New York
684,Bronx
684,10458
684,MBE
684,HISPANIC
685,Bronx
685,10452
685,BLACK
685,MBE
686,New York
686,ASIAN
686,MBE
686,10010
687,10550
687,BLACK
687,Mount Vernon
687,MBE
688,10471
688,NON-MINORITY
688,WBE
688,Riverdale
689,Richmond Hills
689,ASIAN
689,MBE
689,11418
690,Brooklyn
690,BLACK
690,11203
690,MBE
691,7601
691,BLACK
691,Hackensack
691,MBE
692,11361
692,ASIAN
692,MBE
692,Bayside
693,Fairview
693,7022
693,MBE
693,HISPANIC
694,Flushing
694,ASIAN
694,MBE
694,11354
695,10001
695,New York
695,MBE
695,HISPANIC
696,NON-MINORITY
696,11731
696,WBE
696,East Northport
697,11201
697,Brooklyn
697,ASIAN
697,MBE
698,Brooklyn
698,BLACK
698,MBE
698,11236
699,Brooklyn
699,BLACK
699,11238
699,MBE
700,NON-MINORITY
700,WBE
700,10017
700,New York
701,NON-MINORITY
701,WBE
701,11201
701,Brooklyn
702,Long Island City
702,11101
702,BLACK
702,MBE
703,NON-MINORITY
703,WBE
703,11215
703,Brooklyn
704,New York
704,10027
704,BLACK
704,MBE
705,LBE
705,Brooklyn
705,11225
705,BLACK
705,WBE
705,MBE
706,NON-MINORITY
706,11729
706,WBE
706,Deer Park
707,BLACK
707,10026
707,New York
707,WBE
707,MBE
708,Bohemia
708,BLACK
708,MBE
708,11716
709,LBE
709,Floral Park
709,11004
709,ASIAN
709,MBE
710,Brooklyn
710,BLACK
710,11210
710,MBE
711,Bronx
711,10454
711,MBE
711,HISPANIC
712,10301
712,ASIAN
712,MBE
712,Staten Island
713,Bronx
713,10475
713,BLACK
713,MBE
714,Bronx
714,10475
714,BLACK
714,MBE
715,Long Island City
715,11101
715,BLACK
715,MBE
716,10024
716,NON-MINORITY
716,WBE
716,New York
717,Brooklyn
717,11223
717,BLACK
717,WBE
717,MBE
718,Mountainside
718,ASIAN
718,MBE
718,7092
719,Ossining
719,NON-MINORITY
719,WBE
719,10562
720,Westport
720,NON-MINORITY
720,WBE
720,6880
721,11101
721,Long Island City
721,HISPANIC
721,WBE
721,MBE
722,NON-MINORITY
722,WBE
722,New York
722,10010
723,11411
723,BLACK
723,MBE
723,Cambria Heights
724,Somerset
724,BLACK
724,MBE
724,8873
725,Millburn
725,NON-MINORITY
725,WBE
725,7041
726,Baldwin
726,11510
726,BLACK
726,MBE
727,Bronx
727,BLACK
727,10466
727,WBE
727,MBE
728,NON-MINORITY
728,WBE
728,New York
728,10010
729,Rosedale
729,11422
729,BLACK
729,MBE
730,10001
730,New York
730,ASIAN
730,MBE
731,11378
731,Maspeth
731,MBE
731,HISPANIC
732,10016
732,NON-MINORITY
732,WBE
732,New York
733,10280
733,New York
733,HISPANIC
733,WBE
733,MBE
734,11357
734,NON-MINORITY
734,WBE
734,Whitestone
735,10598
735,BLACK
735,Yorktown Heights
735,WBE
735,MBE
736,New York
736,BLACK
736,MBE
736,10022
737,11368
737,Corona
737,ASIAN
737,MBE
738,NON-MINORITY
738,Holbrook
738,WBE
738,11741
739,10003
739,NON-MINORITY
739,WBE
739,New York
740,Brooklyn
740,BLACK
740,11205
740,WBE
740,MBE
741,10005
741,NON-MINORITY
741,WBE
741,New York
742,NON-MINORITY
742,WBE
742,11201
742,Brooklyn
743,Brooklyn
743,BLACK
743,11233
743,WBE
743,MBE
744,Old Bethpage
744,NON-MINORITY
744,11804
744,WBE
745,10001
745,N/A
745,WBE
745,New York
746,10007
746,New York
746,ASIAN
746,MBE
747,11105
747,Astoria
747,HISPANIC
747,WBE
747,MBE
748,10037
748,New York
748,MBE
748,HISPANIC
749,NON-MINORITY
749,11731
749,WBE
749,East Northport
750,LBE
750,10025
750,New York
750,ASIAN
750,MBE
751,New York
751,10018
751,BLACK
751,MBE
752,11435
752,NON-MINORITY
752,WBE
752,Briarwood
753,10023
753,New York
753,ASIAN
753,MBE
754,10121
754,New York
754,ASIAN
754,MBE
755,BLACK
755,MBE
755,Freeport
755,WBE
755,11520
756,Bronx
756,10465
756,NON-MINORITY
756,WBE
757,Rosedale
757,11422
757,BLACK
757,MBE
758,7624
758,NON-MINORITY
758,WBE
758,Closter
759,10004
759,NON-MINORITY
759,WBE
759,New York
760,Bronx
760,10466
760,BLACK
760,MBE
761,Brooklyn
761,11207
761,MBE
761,HISPANIC
762,LBE
762,10308
762,Staten Island
763,7657
763,Ridgefield
763,ASIAN
763,MBE
764,Peekskill
764,10566
764,ASIAN
764,MBE
765,MBE
765,Morristown
765,HISPANIC
765,WBE
765,7960
766,11042
766,NON-MINORITY
766,WBE
766,Lake Success
767,10461
767,Bronx
767,ASIAN
767,MBE
768,Bronx
768,BLACK
768,MBE
768,10461
769,10001
769,NON-MINORITY
769,WBE
769,New York
770,NON-MINORITY
770,11211
770,WBE
770,Brooklyn
771,West Hempstead
771,11552
771,HISPANIC
771,WBE
771,MBE
772,10001
772,NON-MINORITY
772,WBE
772,New York
773,Brooklyn
773,BLACK
773,11203
773,MBE
774,10012
774,New York
774,WBE
774,ASIAN
774,MBE
775,10018
775,New York
775,WBE
775,ASIAN
775,MBE
776,NON-MINORITY
776,WBE
776,11201
776,Brooklyn
777,11217
777,NON-MINORITY
777,WBE
777,Brooklyn
778,7086
778,Weehawken
778,MBE
778,HISPANIC
779,6825
779,NON-MINORITY
779,WBE
779,Fairfield
780,10583
780,NON-MINORITY
780,Scarsdale
780,WBE
780,MBE
781,BLACK
781,10701
781,Yonkers
781,WBE
781,MBE
782,HISPANIC
782,Rego Park
782,11374
782,WBE
782,MBE
783,Brooklyn
783,BLACK
783,11206
783,WBE
783,MBE
784,Long Island City
784,NON-MINORITY
784,11101
784,WBE
785,7606
785,NON-MINORITY
785,WBE
785,South Hackensack
786,Long Island City
786,11102
786,ASIAN
786,MBE
787,Jackson Heights
787,11372
787,ASIAN
787,MBE
788,10001
788,NON-MINORITY
788,WBE
788,New York
789,BLACK
789,Arverne
789,11692
789,WBE
789,MBE
790,NON-MINORITY
790,WBE
790,10021
790,New York
791,11385
791,Ridgewood
791,MBE
791,HISPANIC
792,Ozone Park
792,11417
792,ASIAN
792,MBE
793,NON-MINORITY
793,11767
793,WBE
793,Nesconset
794,NON-MINORITY
794,WBE
794,Roslyn
794,11576
795,Long Island City
795,11101
795,BLACK
795,MBE
796,10001
796,New York
796,MBE
796,HISPANIC
797,10018
797,New York
797,MBE
797,HISPANIC
798,Westbury
798,11590
798,BLACK
798,MBE
799,11413
799,BLACK
799,Springfield Gardens
799,MBE
800,Far Rockaway
800,BLACK
800,MBE
800,11691
801,10023
801,BLACK
801,New York
801,WBE
801,MBE
802,10024
802,NON-MINORITY
802,WBE
802,New York
803,New York
803,10036
803,MBE
803,HISPANIC
804,Brooklyn
804,11216
804,MBE
804,HISPANIC
805,Albany
805,12205
805,WBE
805,ASIAN
805,MBE
806,10019
806,New York
806,MBE
806,HISPANIC
807,10314
807,NON-MINORITY
807,WBE
807,Staten Island
808,Brooklyn
808,BLACK
808,11234
808,WBE
808,MBE
809,11429
809,BLACK
809,MBE
809,WBE
809,Queens Village
810,Brooklyn
810,11221
810,BLACK
810,MBE
811,10460
811,Bronx
811,MBE
811,HISPANIC
812,Brooklyn
812,BLACK
812,11205
812,WBE
812,MBE
813,Rego Park
813,ASIAN
813,MBE
813,11374
814,Bronx
814,10469
814,BLACK
814,MBE
815,Hempstead
815,11550
815,MBE
815,HISPANIC
816,11368
816,Corona
816,BLACK
816,MBE
817,10467
817,Bronx
817,MBE
817,HISPANIC
818,LBE
818,11206
818,Brooklyn
819,LBE
819,Brooklyn
819,11210
819,MBE
820,NON-MINORITY
820,WBE
820,11234
820,Brooklyn
821,Jackson Heights
821,11372
821,MBE
821,HISPANIC
822,LBE
822,10314
822,Staten Island
823,11222
823,Brooklyn
823,ASIAN
823,MBE
824,10032
824,New York
824,MBE
824,HISPANIC
825,Brooklyn
825,BLACK
825,11234
825,WBE
825,MBE
826,New York
826,10027
826,BLACK
826,MBE
827,11563
827,ASIAN
827,MBE
827,Lynbrook
828,LBE
828,Bronx
828,BLACK
828,10469
828,MBE
829,Bronx
829,10454
829,MBE
829,HISPANIC
830,11356
830,NON-MINORITY
830,WBE
830,College Point
831,8876
831,Branchberg
831,MBE
831,HISPANIC
832,Brooklyn
832,11205
832,BLACK
832,MBE
833,Roosevelt
833,11575
833,BLACK
833,MBE
834,7470
834,HISPANIC
834,Wayne
834,WBE
834,MBE
835,10710
835,Yonkers
835,BLACK
835,MBE
836,Mountainside
836,ASIAN
836,MBE
836,7092
837,Hempstead
837,11550
837,ASIAN
837,MBE
838,NON-MINORITY
838,WBE
838,11210
838,Brooklyn
839,Brooklyn
839,BLACK
839,11201
839,MBE
840,Jamaica
840,BLACK
840,MBE
840,11434
841,Richmond Hill
841,11418
841,MBE
841,HISPANIC
842,10031
842,New York
842,MBE
842,HISPANIC
843,10028
843,NON-MINORITY
843,WBE
843,New York
844,11218
844,NON-MINORITY
844,WBE
844,Brooklyn
845,NON-MINORITY
845,11730
845,WBE
845,East Islip
846,11751
846,BLACK
846,MBE
846,Islip
847,NON-MINORITY
847,10038
847,WBE
847,New York
848,NON-MINORITY
848,11767
848,WBE
848,Nesconset
849,Flushing
849,ASIAN
849,MBE
849,11354
850,10001
850,NON-MINORITY
850,WBE
850,New York
851,11102
851,NON-MINORITY
851,Astoria
851,WBE
852,New York
852,10010
852,MBE
852,HISPANIC
853,BLACK
853,10031
853,New York
853,WBE
853,MBE
854,NON-MINORITY
854,WBE
854,New York
854,10010
855,NON-MINORITY
855,WBE
855,10021
855,New York
856,11791
856,Syosset
856,ASIAN
856,MBE
857,10040
857,New York
857,MBE
857,HISPANIC
858,NON-MINORITY
858,WBE
858,New York
858,10018
859,LBE
859,Brooklyn
859,BLACK
859,11205
859,MBE
860,New York
860,BLACK
860,MBE
860,10031
861,East Stroudsburg
861,18301
861,BLACK
861,MBE
862,7728
862,NON-MINORITY
862,WBE
862,Freehold
863,11520
863,Freeport
863,BLACK
863,MBE
864,Flushing
864,NON-MINORITY
864,WBE
864,11354
865,NON-MINORITY
865,11731
865,WBE
865,East Northport
866,New York
866,WBE
866,ASIAN
866,MBE
866,10013
867,10303
867,BLACK
867,MBE
867,Staten Island
868,10022
868,New York
868,MBE
868,HISPANIC
869,Brooklyn
869,11201
869,WBE
869,ASIAN
869,MBE
870,NON-MINORITY
870,WBE
870,New York
870,10022
871,Levittown
871,11756
871,MBE
871,HISPANIC
872,Bronx
872,NON-MINORITY
872,WBE
872,10461
873,10566
873,BLACK
873,Peeksville
873,WBE
873,MBE
874,Brooklyn
874,HISPANIC
874,11211
874,WBE
874,MBE
875,HISPANIC
875,Staten Island
875,10301
875,WBE
875,MBE
876,10701
876,Yonkers
876,BLACK
876,MBE
877,Richmond Hill
877,11418
877,MBE
877,HISPANIC
878,7727
878,Farmingdale
878,MBE
878,HISPANIC
879,Brooklyn
879,11208
879,BLACK
879,MBE
880,New York
880,ASIAN
880,MBE
880,10009
881,11226
881,Brooklyn
881,ASIAN
881,MBE
882,11356
882,College Point
882,MBE
882,HISPANIC
883,7307
883,ASIAN
883,MBE
883,Jersey City
884,10001
884,NON-MINORITY
884,WBE
884,New York
885,New York
885,HISPANIC
885,WBE
885,MBE
885,10033
886,11372
886,HISPANIC
886,Jackson Heights
886,WBE
886,MBE
887,7002
887,NON-MINORITY
887,WBE
887,Bayonne
888,7052
888,West Orange
888,ASIAN
888,MBE
889,10038
889,New York
889,ASIAN
889,MBE
890,11105
890,Astoria
890,MBE
890,HISPANIC
891,Uniondale
891,NON-MINORITY
891,11553
891,WBE
892,New York
892,ASIAN
892,MBE
892,10122
893,New York
893,10165
893,BLACK
893,MBE
894,11746
894,NON-MINORITY
894,Dix Hills
894,WBE
895,10001
895,New York
895,ASIAN
895,MBE
896,10001
896,New York
896,ASIAN
896,MBE
897,10028
897,NON-MINORITY
897,WBE
897,New York
898,11501
898,Mineola
898,BLACK
898,MBE
899,11220
899,Brooklyn
899,ASIAN
899,MBE
900,11422
900,BLACK
900,Rosedale
900,WBE
900,MBE
901,10006
901,New York
901,ASIAN
901,MBE
902,New York
902,10003
902,BLACK
902,MBE
903,North Babylon
903,NON-MINORITY
903,11703
903,WBE
904,LBE
904,Bronx
904,BLACK
904,10466
904,MBE
905,Scotch Plains
905,7076
905,BLACK
905,WBE
905,MBE
906,BLACK
906,Maspeth
906,MBE
906,11378
907,NON-MINORITY
907,Albany
907,WBE
907,12205
908,Jamaica
908,11433
908,BLACK
908,MBE
909,7735
909,ASIAN
909,MBE
909,Cliffwood Beach
910,10016
910,NON-MINORITY
910,WBE
910,New York
911,11501
911,Mineola
911,ASIAN
911,MBE
912,Brooklyn
912,11211
912,WBE
912,ASIAN
912,MBE
913,NON-MINORITY
913,WBE
913,New York
913,10018
914,NON-MINORITY
914,WBE
914,11234
914,Brooklyn
915,10016
915,New York
915,MBE
915,HISPANIC
916,Brooklyn
916,BLACK
916,11216
916,WBE
916,MBE
917,10451
917,Bronx
917,MBE
917,HISPANIC
918,BLACK
918,Laurelton
918,11413
918,WBE
918,MBE
919,10001
919,NON-MINORITY
919,WBE
919,New York
920,Jackson Heights
920,11372
920,MBE
920,HISPANIC
921,7054
921,NON-MINORITY
921,WBE
921,Parsippany
922,NON-MINORITY
922,11211
922,WBE
922,Brooklyn
923,NON-MINORITY
923,WBE
923,11210
923,Brooklyn
924,11357
924,Whitestone
924,WBE
924,ASIAN
924,MBE
925,11211
925,Brooklyn
925,ASIAN
925,MBE
926,MBE
926,Roslyn
926,HISPANIC
926,WBE
926,11576
927,11435
927,NON-MINORITY
927,WBE
927,Jamaica
928,Brooklyn
928,11212
928,BLACK
928,MBE
929,Westbury
929,11590
929,BLACK
929,MBE
930,Brooklyn
930,BLACK
930,11212
930,WBE
930,MBE
931,LBE
931,10451
931,Bronx
931,BLACK
931,MBE
932,BLACK
932,10018
932,New York
932,WBE
932,MBE
933,10314
933,NON-MINORITY
933,WBE
933,Staten Island
934,Brooklyn
934,11217
934,BLACK
934,MBE
935,Hollis
935,11423
935,ASIAN
935,MBE
936,Brooklyn
936,BLACK
936,11210
936,MBE
937,Bronx
937,BLACK
937,MBE
937,10457
938,Bronx
938,10467
938,HISPANIC
938,WBE
938,MBE
939,New York
939,10118
939,BLACK
939,MBE
940,BLACK
940,New York
940,10036
940,WBE
940,MBE
941,Queens
941,11411
941,BLACK
941,MBE
942,NON-MINORITY
942,WBE
942,Orangeburg
942,10962
943,NON-MINORITY
943,WBE
943,11231
943,Brooklyn
944,10703
944,Yonkers
944,BLACK
944,MBE
945,10016
945,New York
945,MBE
945,HISPANIC
946,10002
946,New York
946,ASIAN
946,MBE
947,10701
947,Yonkers
947,BLACK
947,MBE
948,Long Island City
948,11101
948,ASIAN
948,MBE
949,11426
949,Bellerose
949,BLACK
949,MBE
950,10550
950,BLACK
950,Mount Vernon
950,MBE
951,10128
951,New York
951,HISPANIC
951,WBE
951,MBE
952,Brooklyn
952,11205
952,BLACK
952,MBE
953,LBE
953,Brooklyn
953,11218
954,11206
954,Brooklyn
954,ASIAN
954,MBE
955,NON-MINORITY
955,WBE
955,New York
955,10013
956,NON-MINORITY
956,WBE
956,10014
956,New York
957,NON-MINORITY
957,WBE
957,10128
957,New York
958,Brooklyn
958,BLACK
958,11216
958,WBE
958,MBE
959,New York
959,10018
959,BLACK
959,MBE
960,New York
960,10030
960,BLACK
960,MBE
961,10007
961,NON-MINORITY
961,WBE
961,New York
962,10001
962,NON-MINORITY
962,WBE
962,New York
963,10001
963,NON-MINORITY
963,WBE
963,New York
964,11725
964,NON-MINORITY
964,Commack
964,WBE
965,NON-MINORITY
965,WBE
965,11238
965,Brooklyn
966,LBE
966,Brooklyn
966,11203
967,White Plains
967,10604
967,MBE
967,HISPANIC
968,Brooklyn
968,ASIAN
968,MBE
968,11210
969,8837
969,Edison
969,ASIAN
969,MBE
970,EBE
970,N/A
970,Staten Island
970,10301
970,WBE
970,MBE
971,Brooklyn
971,BLACK
971,11207
971,WBE
971,MBE
972,Queens Village
972,BLACK
972,11429
972,MBE
973,10472
973,Bronx
973,ASIAN
973,MBE
974,Hollis
974,11423
974,BLACK
974,MBE
975,New York
975,10003
975,BLACK
975,MBE
976,11357
976,BLACK
976,Whitestone
976,MBE
977,Brooklyn
977,11205
977,BLACK
977,MBE
978,Brooklyn
978,11225
978,BLACK
978,WBE
978,MBE
979,10035
979,New York
979,WBE
979,ASIAN
979,MBE
980,Queens Village
980,11427
980,ASIAN
980,MBE
981,11782
981,NON-MINORITY
981,WBE
981,Sayville
982,Great Neck
982,11021
982,WBE
982,ASIAN
982,MBE
983,11733
983,NON-MINORITY
983,WBE
983,Setauket
984,10550
984,BLACK
984,Mount Vernon
984,WBE
984,MBE
985,10005
985,New York
985,ASIAN
985,MBE
986,11369
986,E. Elmhurst
986,BLACK
986,MBE
987,11040
987,NON-MINORITY
987,WBE
987,New Hyde Park
988,8861
988,Perth Amboy
988,MBE
988,HISPANIC
989,Brooklyn
989,BLACK
989,11201
989,MBE
990,Hollis
990,11423
990,BLACK
990,MBE
991,10001
991,New York
991,BLACK
991,MBE
992,BLACK
992,New York
992,10025
992,WBE
992,MBE
993,BLACK
993,10030
993,New York
993,WBE
993,MBE
994,10003
994,NON-MINORITY
994,WBE
994,New York
995,Brooklyn
995,BLACK
995,11225
995,MBE
996,Brooklyn
996,BLACK
996,11225
996,MBE
997,Wood Ridge
997,7075
997,ASIAN
997,MBE
998,11238
998,Brooklyn
998,ASIAN
998,MBE
999,Bronx
999,BLACK
999,10454
999,MBE
1000,NON-MINORITY
1000,WBE
1000,11735
1000,Farmingdale
1001,LBE
1001,11356
1001,College Point
1001,ASIAN
1001,MBE
1002,10003
1002,NON-MINORITY
1002,WBE
1002,New York
1003,7446
1003,NON-MINORITY
1003,WBE
1003,Ramsey
1004,Flushing
1004,NON-MINORITY
1004,WBE
1004,11358
1005,10475
1005,Bronx
1005,MBE
1005,HISPANIC
1006,BLACK
1006,MBE
1006,Freeport
1006,WBE
1006,11520
1007,10016
1007,NON-MINORITY
1007,WBE
1007,New York
1008,Hempstead
1008,11550
1008,BLACK
1008,MBE
1009,10001
1009,NON-MINORITY
1009,WBE
1009,New York
1010,10032
1010,New York
1010,MBE
1010,HISPANIC
1011,7652
1011,NON-MINORITY
1011,WBE
1011,Paramus
1012,Long Island City
1012,NON-MINORITY
1012,11101
1012,WBE
1013,Brooklyn
1013,BLACK
1013,11210
1013,MBE
1014,11520
1014,Freeport
1014,BLACK
1014,MBE
1015,11596
1015,Williston Park
1015,ASIAN
1015,MBE
1016,11435
1016,Jamaica
1016,ASIAN
1016,MBE
1017,LBE
1017,Somerville
1017,8876
1018,11798
1018,BLACK
1018,Wheatley Heights
1018,MBE
1019,11105
1019,NON-MINORITY
1019,Astoria
1019,WBE
1020,Brooklyn
1020,BLACK
1020,11216
1020,MBE
1021,NON-MINORITY
1021,11797
1021,WBE
1021,Woodbury
1022,11222
1022,Brooklyn
1022,ASIAN
1022,MBE
1023,Jericho
1023,ASIAN
1023,MBE
1023,11753
1024,Westport
1024,NON-MINORITY
1024,WBE
1024,6880
1025,Baldwin
1025,11510
1025,MBE
1025,HISPANIC
1026,11204
1026,Brooklyn
1026,ASIAN
1026,MBE
1027,Brooklyn
1027,11214
1027,WBE
1027,ASIAN
1027,MBE
1028,New York
1028,10019
1028,WBE
1028,MBE
1029,NON-MINORITY
1029,WBE
1029,10021
1029,New York
1030,LBE
1030,BLACK
1030,Springfield Gardens
1030,11413
1030,WBE
1030,MBE
1031,10003
1031,NON-MINORITY
1031,WBE
1031,New York
1032,BLACK
1032,New York
1032,10036
1032,WBE
1032,MBE
1033,Brooklyn
1033,11229
1033,BLACK
1033,MBE
1034,10005
1034,New York
1034,MBE
1034,HISPANIC
1035,10016
1035,New York
1035,WBE
1035,ASIAN
1035,MBE
1036,NON-MINORITY
1036,WBE
1036,New York
1036,10010
1037,Brooklyn
1037,BLACK
1037,11201
1037,MBE
1038,NON-MINORITY
1038,WBE
1038,10036
1038,New York
1039,10003
1039,NON-MINORITY
1039,WBE
1039,New York
1040,10040
1040,New York
1040,MBE
1040,HISPANIC
1041,Brooklyn
1041,11225
1041,WBE
1041,ASIAN
1041,MBE
1042,NON-MINORITY
1042,10038
1042,WBE
1042,New York
1043,Summit
1043,NON-MINORITY
1043,7901
1043,WBE
1044,10003
1044,New York
1044,MBE
1044,HISPANIC
1045,11501
1045,Mineola
1045,ASIAN
1045,MBE
1046,10941
1046,BLACK
1046,MBE
1046,Middletown
1047,11373
1047,Elmhurst
1047,MBE
1047,HISPANIC
1048,NON-MINORITY
1048,10027
1048,WBE
1048,New York
1049,10307
1049,ASIAN
1049,MBE
1049,Staten Island
1050,NON-MINORITY
1050,WBE
1050,New York
1050,10010
1051,10977
1051,BLACK
1051,Chestnut Ridge
1051,WBE
1051,MBE
1052,BLACK
1052,10007
1052,New York
1052,WBE
1052,MBE
1053,Rosedale
1053,11422
1053,BLACK
1053,MBE
1054,Garden City Park
1054,11040
1054,WBE
1054,ASIAN
1054,MBE
1055,10550
1055,BLACK
1055,MBE
1055,Mt. Vernon
1056,11040
1056,NON-MINORITY
1056,WBE
1056,New Hyde Park
1057,Long Island City
1057,NON-MINORITY
1057,11101
1057,WBE
1058,New York
1058,ASIAN
1058,MBE
1058,10013
1059,10018
1059,New York
1059,WBE
1059,ASIAN
1059,MBE
1060,New York
1060,BLACK
1060,10017
1060,MBE
1061,10018
1061,New York
1061,MBE
1061,HISPANIC
1062,LBE
1062,Brooklyn
1062,BLACK
1062,11234
1062,MBE
1063,Princeton
1063,ASIAN
1063,MBE
1063,8540
1064,BLACK
1064,New York
1064,10027
1064,WBE
1064,MBE
1065,7003
1065,NON-MINORITY
1065,WBE
1065,Bloomfield
1066,NON-MINORITY
1066,WBE
1066,11697
1066,Breezy Point
1067,Yonkers
1067,10705
1067,BLACK
1067,MBE
1068,10462
1068,Bronx
1068,HISPANIC
1068,WBE
1068,MBE
1069,10977
1069,NON-MINORITY
1069,WBE
1069,New Hempstead
1070,New York
1070,10027
1070,BLACK
1070,MBE
1071,New York
1071,10038
1071,WBE
1071,ASIAN
1071,MBE
1072,Flushing
1072,BLACK
1072,MBE
1072,11354
1073,10460
1073,Bronx
1073,MBE
1073,HISPANIC
1074,10304
1074,BLACK
1074,MBE
1074,Staten Island
1075,NON-MINORITY
1075,WBE
1075,8816
1075,East Brunswick
1076,NON-MINORITY
1076,11211
1076,WBE
1076,Brooklyn
1077,NON-MINORITY
1077,WBE
1077,New York
1077,10022
1078,LBE
1078,Bronx
1078,BLACK
1078,10467
1078,MBE
1079,10038
1079,New York
1079,ASIAN
1079,MBE
1080,7601
1080,Hackensack
1080,WBE
1080,ASIAN
1080,MBE
1081,10005
1081,New York
1081,ASIAN
1081,MBE
1082,10470
1082,Bronx
1082,ASIAN
1082,MBE
1083,11385
1083,ASIAN
1083,MBE
1083,Glendale
1084,11803
1084,Plainview
1084,ASIAN
1084,MBE
1085,NON-MINORITY
1085,WBE
1085,10014
1085,New York
1086,NON-MINORITY
1086,WBE
1086,Allendale
1086,7401
1087,10314
1087,ASIAN
1087,MBE
1087,Staten Island
1088,Brooklyn
1088,BLACK
1088,11214
1088,WBE
1088,MBE
1089,7090
1089,NON-MINORITY
1089,WBE
1089,Westfield
1090,Edison
1090,WBE
1090,ASIAN
1090,8817
1091,NON-MINORITY
1091,WBE
1091,11572
1091,Oceanside
1092,Edison
1092,NON-MINORITY
1092,WBE
1092,8837
1093,NON-MINORITY
1093,WBE
1093,10025
1093,New York
1094,11357
1094,NON-MINORITY
1094,WBE
1094,Whitestone
1095,NON-MINORITY
1095,WBE
1095,11238
1095,Brooklyn
1096,10022
1096,New York
1096,HISPANIC
1096,WBE
1096,MBE
1097,BLACK
1097,Cambria Heights
1097,11411
1097,WBE
1097,MBE
1098,10029
1098,BLACK
1098,New York
1098,WBE
1098,MBE
1099,MBE
1099,Freeport
1099,HISPANIC
1099,WBE
1099,11520
1100,Bronx
1100,10474
1100,BLACK
1100,MBE
1101,10001
1101,NON-MINORITY
1101,WBE
1101,New York
1102,New York
1102,10025
1102,WBE
1102,ASIAN
1102,MBE
1103,Brooklyn
1103,BLACK
1103,WBE
1103,11210
1103,MBE
1104,10118
1104,New York
1104,ASIAN
1104,MBE
1105,10473
1105,Bronx
1105,MBE
1105,HISPANIC
1106,10451
1106,Bronx
1106,BLACK
1106,WBE
1106,MBE
1107,10470
1107,Bronx
1107,MBE
1107,HISPANIC
1108,BLACK
1108,Yonkers
1108,10710
1108,WBE
1108,MBE
1109,10301
1109,NON-MINORITY
1109,WBE
1109,Staten Island
1110,NON-MINORITY
1110,10011
1110,WBE
1110,New York
1111,Woodside
1111,NON-MINORITY
1111,WBE
1111,11377
1112,10004
1112,New York
1112,ASIAN
1112,MBE
1113,NON-MINORITY
1113,WBE
1113,10017
1113,New York
1114,8837
1114,Edison
1114,ASIAN
1114,MBE
1115,NON-MINORITY
1115,WBE
1115,New York
1115,10022
1116,NON-MINORITY
1116,WBE
1116,10017
1116,New York
1117,10022
1117,New York
1117,HISPANIC
1117,WBE
1117,MBE
1118,LBE
1118,Elmhurst
1118,11373
1118,ASIAN
1118,MBE
1119,8817
1119,Edsion
1119,ASIAN
1119,MBE
1120,LBE
1120,BLACK
1120,10304
1120,Staten Island
1120,MBE
1121,Queens Village
1121,11429
1121,MBE
1121,HISPANIC
1122,New York
1122,10010
1122,HISPANIC
1122,WBE
1122,MBE
1123,LBE
1123,11377
1123,Woodside
1123,HISPANIC
1123,MBE
1124,LBE
1124,BLACK
1124,St. Albans
1124,11412
1124,MBE
1125,11378
1125,Maspeth
1125,MBE
1125,HISPANIC
1126,Maspeth
1126,11378
1126,HISPANIC
1126,WBE
1126,MBE
1127,10003
1127,NON-MINORITY
1127,WBE
1127,New York
1128,11042
1128,Lake Success
1128,ASIAN
1128,MBE
1129,10016
1129,WBE
1129,New York
1130,New York
1130,WBE
1130,ASIAN
1130,MBE
1130,10013
1131,NON-MINORITY
1131,WBE
1131,10305
1131,Staten Island
1132,NON-MINORITY
1132,Plainview
1132,WBE
1132,11803
1133,11704
1133,NON-MINORITY
1133,WBE
1133,West Babylon
1134,NON-MINORITY
1134,WBE
1134,New York
1134,10013
1135,11430
1135,NON-MINORITY
1135,WBE
1135,Jamaica
1136,Bronx
1136,10462
1136,BLACK
1136,MBE
1137,NON-MINORITY
1137,10023
1137,WBE
1137,New York
1138,Saddle Brook
1138,WBE
1138,ASIAN
1138,7663
1139,NON-MINORITY
1139,WBE
1139,11694
1139,Belle Harbor
1140,LBE
1140,Brooklyn
1140,BLACK
1140,11205
1140,MBE
1141,11208
1141,Brooklyn
1141,ASIAN
1141,MBE
1142,Yorktown Heights
1142,NON-MINORITY
1142,10598
1142,WBE
1143,LBE
1143,10451
1143,Bronx
1143,BLACK
1143,MBE
1144,Linwood
1144,ASIAN
1144,MBE
1144,8221
1145,10591
1145,Sleepy Hollow
1145,WBE
1145,ASIAN
1145,MBE
1146,Centerport
1146,HISPANIC
1146,11721
1146,WBE
1146,MBE
1147,NON-MINORITY
1147,WBE
1147,Melville
1147,11747
1148,10004
1148,NON-MINORITY
1148,WBE
1148,New York
1149,NON-MINORITY
1149,WBE
1149,New York
1149,10018
1150,LBE
1150,10304
1150,Staten Island
1151,New York
1151,10018
1151,BLACK
1151,MBE
1152,Queens Village
1152,11428
1152,ASIAN
1152,MBE
1153,11746
1153,NON-MINORITY
1153,WBE
1153,Huntington Station
1154,11206
1154,Brooklyn
1154,ASIAN
1154,MBE
1155,New York
1155,10018
1155,BLACK
1155,MBE
1156,Bronx
1156,10466
1156,HISPANIC
1156,WBE
1156,MBE
1157,NON-MINORITY
1157,WBE
1157,11735
1157,Farmingdale
1158,Flushing
1158,NON-MINORITY
1158,WBE
1158,11358
1159,NON-MINORITY
1159,WBE
1159,11234
1159,Brooklyn
1160,BLACK
1160,10005
1160,New York
1160,WBE
1160,MBE
1161,10001
1161,NON-MINORITY
1161,WBE
1161,New York
1162,11021
1162,NON-MINORITY
1162,WBE
1162,Great Neck
1163,10001
1163,New York
1163,BLACK
1163,MBE
1164,NON-MINORITY
1164,WBE
1164,New York
1164,10018
1165,11422
1165,BLACK
1165,Rosedale
1165,WBE
1165,MBE
1166,11242
1166,NON-MINORITY
1166,WBE
1166,Brooklyn
1167,Brooklyn
1167,BLACK
1167,11225
1167,MBE
1168,Hollis
1168,11423
1168,BLACK
1168,MBE
1169,Brooklyn
1169,BLACK
1169,11216
1169,MBE
1170,NON-MINORITY
1170,WBE
1170,Dobbs Ferry
1170,10522
1171,NON-MINORITY
1171,WBE
1171,New York
1171,10010
1172,NON-MINORITY
1172,WBE
1172,New York
1172,10018
1173,Brooklyn
1173,BLACK
1173,11230
1173,WBE
1173,MBE
1174,NON-MINORITY
1174,WBE
1174,10025
1174,New York
1175,Brooklyn
1175,BLACK
1175,11203
1175,MBE
1176,10514
1176,NON-MINORITY
1176,WBE
1176,Chappaqua
1177,Stamford
1177,NON-MINORITY
1177,WBE
1177,6902
1178,11545
1178,Glen Head
1178,BLACK
1178,MBE
1179,Brooklyn
1179,BLACK
1179,11216
1179,WBE
1179,MBE
1180,10458
1180,Bronx
1180,ASIAN
1180,MBE
1181,10001
1181,NON-MINORITY
1181,WBE
1181,New York
1182,East Elmhurst
1182,11370
1182,ASIAN
1182,MBE
1183,10001
1183,New York
1183,ASIAN
1183,MBE
1184,LBE
1184,Hempstead
1184,BLACK
1184,11550
1184,WBE
1184,MBE
1185,Brooklyn
1185,11204
1185,BLACK
1185,MBE
1186,LBE
1186,Maspeth
1186,11378
1186,HISPANIC
1186,WBE
1186,MBE
1187,BLACK
1187,20720
1187,Bowie
1187,WBE
1187,MBE
1188,11746
1188,NON-MINORITY
1188,WBE
1188,Huntington Station
1189,Long Island City
1189,11101
1189,BLACK
1189,MBE
1190,Woodhaven
1190,11421
1190,BLACK
1190,MBE
1191,New York
1191,BLACK
1191,MBE
1191,10033
1192,NON-MINORITY
1192,WBE
1192,Valhalla
1192,10595
1193,New York
1193,WBE
1193,MBE
1193,10032
1194,7513
1194,Paterson
1194,MBE
1194,HISPANIC
1195,11356
1195,College Point
1195,MBE
1195,HISPANIC
1196,NON-MINORITY
1196,Springfield
1196,WBE
1196,7081
1197,NON-MINORITY
1197,WBE
1197,11216
1197,Brooklyn
1198,New York
1198,10038
1198,BLACK
1198,MBE
1199,Matawan
1199,7747
1199,MBE
1199,HISPANIC
1200,Newark
1200,NON-MINORITY
1200,WBE
1200,7114
1201,8638
1201,Hamilton Township
1201,ASIAN
1201,MBE
1202,11021
1202,NON-MINORITY
1202,WBE
1202,Great Neck
1203,Long Island City
1203,11101
1203,MBE
1203,HISPANIC
1204,10016
1204,NON-MINORITY
1204,WBE
1204,New York
1205,Bronx
1205,HISPANIC
1205,10465
1205,WBE
1205,MBE
1206,10025
1206,New York
1206,MBE
1206,HISPANIC
1207,NON-MINORITY
1207,WBE
1207,10021
1207,New York
1208,11373
1208,Elmhurst
1208,ASIAN
1208,MBE
1209,10016
1209,New York
1209,WBE
1209,ASIAN
1209,MBE
1210,NON-MINORITY
1210,10956
1210,WBE
1210,New City
1211,10022
1211,New York
1211,MBE
1211,HISPANIC
1212,NON-MINORITY
1212,WBE
1212,New York
1212,10010
1213,10543
1213,Mamaroneck
1213,BLACK
1213,MBE
1214,BLACK
1214,Arverne
1214,11692
1214,WBE
1214,MBE
1215,10004
1215,NON-MINORITY
1215,WBE
1215,New York
1216,7045
1216,Montville
1216,MBE
1216,HISPANIC
1217,10028
1217,NON-MINORITY
1217,WBE
1217,New York
1218,NON-MINORITY
1218,WBE
1218,11201
1218,Brooklyn
1219,NON-MINORITY
1219,WBE
1219,10017
1219,New York
1220,NON-MINORITY
1220,11590
1220,WBE
1220,Westbury
1221,Brooklyn
1221,11225
1221,MBE
1221,HISPANIC
1222,10007
1222,New York
1222,BLACK
1222,MBE
1223,Bronx
1223,10451
1223,BLACK
1223,MBE
1224,St. Albans
1224,BLACK
1224,11412
1224,MBE
1225,Brooklyn
1225,BLACK
1225,11236
1225,WBE
1225,MBE
1226,11218
1226,Brooklyn
1226,ASIAN
1226,MBE
1227,Brooklyn
1227,BLACK
1227,11234
1227,WBE
1227,MBE
1228,11218
1228,Brooklyn
1228,ASIAN
1228,MBE
1229,Brooklyn
1229,BLACK
1229,11230
1229,WBE
1229,MBE
1230,NON-MINORITY
1230,10019
1230,WBE
1230,New York
1231,12534
1231,NON-MINORITY
1231,WBE
1231,Hudson
1232,7876
1232,NON-MINORITY
1232,WBE
1232,Succasunna
1233,New York
1233,10038
1233,BLACK
1233,MBE
1234,NON-MINORITY
1234,WBE
1234,11231
1234,Brooklyn
1235,Scarsdale
1235,NON-MINORITY
1235,WBE
1235,10583
1236,11413
1236,BLACK
1236,Laurelton
1236,MBE
1237,11223
1237,Brooklyn
1237,ASIAN
1237,MBE
1238,11373
1238,Elmhurst
1238,ASIAN
1238,MBE
1239,Bronx
1239,BLACK
1239,10467
1239,WBE
1239,MBE
1240,10462
1240,Bronx
1240,BLACK
1240,WBE
1240,MBE
1241,10309
1241,NON-MINORITY
1241,WBE
1241,Staten Island
1242,New York
1242,ASIAN
1242,MBE
1242,10010
1243,New York
1243,10014
1243,MBE
1243,HISPANIC
1244,Hollis
1244,11423
1244,N/A
1244,MBE
1245,NON-MINORITY
1245,WBE
1245,10036
1245,New York
1246,Southold
1246,NON-MINORITY
1246,WBE
1246,11971
1247,LBE
1247,11746
1247,Huntington Station
1247,BLACK
1247,MBE
1248,LBE
1248,10039
1248,New York
1248,ASIAN
1248,MBE
1249,10710
1249,Yonkers
1249,MBE
1249,HISPANIC
1250,Hempstead
1250,11550
1250,BLACK
1250,MBE
1251,11419
1251,Richmond Hill
1251,ASIAN
1251,MBE
1252,11217
1252,NON-MINORITY
1252,WBE
1252,Brooklyn
1253,Yonkers
1253,10710
1253,NON-MINORITY
1253,WBE
1254,Woodside
1254,ASIAN
1254,MBE
1254,11377
1255,Edison
1255,8820
1255,ASIAN
1255,MBE
1256,10016
1256,NON-MINORITY
1256,WBE
1256,New York
1257,NON-MINORITY
1257,WBE
1257,10014
1257,New York
1258,10018
1258,New York
1258,WBE
1258,ASIAN
1258,MBE
1259,NON-MINORITY
1259,WBE
1259,10036
1259,New York
1260,North Babylon
1260,NON-MINORITY
1260,11704
1260,WBE
1261,10018
1261,New York
1261,WBE
1261,ASIAN
1261,MBE
1262,New York
1262,10018
1262,BLACK
1262,MBE
1263,6478
1263,Oxford
1263,ASIAN
1263,MBE
1264,LBE
1264,Brooklyn
1264,11234
1265,10001
1265,NON-MINORITY
1265,WBE
1265,New York
1266,New York
1266,10010
1266,MBE
1266,HISPANIC
1267,10301
1267,ASIAN
1267,MBE
1267,Staten Island
1268,White Plains
1268,10604
1268,WBE
1269,10003
1269,New York
1269,ASIAN
1269,MBE
1270,Bronx
1270,10453
1270,BLACK
1270,MBE
1271,BLACK
1271,New York
1271,10034
1271,WBE
1271,MBE
1272,7430
1272,NON-MINORITY
1272,WBE
1272,Mahwah
1273,Inwood
1273,11096
1273,HISPANIC
1273,WBE
1273,MBE
1274,10005
1274,NON-MINORITY
1274,WBE
1274,New York
1275,10001
1275,New York
1275,ASIAN
1275,MBE
1276,Brooklyn
1276,BLACK
1276,MBE
1276,11233
1277,Hollis
1277,11423
1277,BLACK
1277,MBE
1278,Bronx
1278,10452
1278,BLACK
1278,MBE
1279,10038
1279,New York
1279,ASIAN
1279,MBE
1280,NON-MINORITY
1280,WBE
1280,New York
1280,10022
1281,10017
1281,New York
1281,ASIAN
1281,MBE
1282,Bronx
1282,10469
1282,BLACK
1282,MBE
1283,10550
1283,BLACK
1283,Mount Vernon
1283,MBE
1284,NON-MINORITY
1284,10011
1284,WBE
1284,New York
1285,NON-MINORITY
1285,WBE
1285,New York
1285,10018
1286,NON-MINORITY
1286,WBE
1286,Brooklyn
1286,11232
1287,BLACK
1287,Springfield Gardens
1287,11413
1287,WBE
1287,MBE
1288,Flushing
1288,11358
1288,ASIAN
1288,MBE
1289,10003
1289,NON-MINORITY
1289,WBE
1289,New York
1290,Woodside
1290,ASIAN
1290,MBE
1290,11377
1291,NON-MINORITY
1291,11729
1291,WBE
1291,Deer Park
1292,11206
1292,Brooklyn
1292,MBE
1292,HISPANIC
1293,Bronx
1293,BLACK
1293,MBE
1293,10457
1294,LBE
1294,Brooklyn
1294,11235
1294,ASIAN
1294,MBE
1295,NON-MINORITY
1295,WBE
1295,11215
1295,Brooklyn
1296,Bronx
1296,BLACK
1296,10466
1296,WBE
1296,MBE
1297,Hempstead
1297,11520
1297,BLACK
1297,MBE
1298,10006
1298,New York
1298,ASIAN
1298,MBE
1299,Rosedale
1299,11422
1299,BLACK
1299,MBE
1300,Flushing
1300,11358
1300,MBE
1300,HISPANIC
1301,Edison
1301,8817
1301,ASIAN
1301,MBE
1302,Brooklyn
1302,11205
1302,BLACK
1302,MBE
1303,Rahway
1303,BLACK
1303,7065
1303,MBE
1304,NON-MINORITY
1304,WBE
1304,New York
1304,10018
1305,11413
1305,BLACK
1305,Springfield Gardens
1305,MBE
1306,Bronx
1306,10472
1306,BLACK
1306,MBE
1307,11211
1307,Brooklyn
1307,MBE
1307,HISPANIC
1308,NON-MINORITY
1308,WBE
1308,10025
1308,New York
1309,LBE
1309,11378
1309,Maspeth
1310,10031
1310,New York
1310,HISPANIC
1310,WBE
1310,MBE
1311,7031
1311,NON-MINORITY
1311,North Arlington
1311,WBE
1312,Saugerties
1312,12477
1312,WBE
1313,Queens Village
1313,11428
1313,BLACK
1313,MBE
1314,10017
1314,New York
1314,ASIAN
1314,MBE
1315,11732
1315,East Norwich
1315,ASIAN
1315,MBE
1316,Brooklyn
1316,BLACK
1316,MBE
1316,11236
1317,10016
1317,NON-MINORITY
1317,WBE
1317,New York
1318,7003
1318,Bloomfield
1318,BLACK
1318,MBE
1319,NON-MINORITY
1319,10011
1319,WBE
1319,New York
1320,NON-MINORITY
1320,WBE
1320,Center Moriches
1320,11934
1321,10016
1321,NON-MINORITY
1321,WBE
1321,New York
1322,10001
1322,New York
1322,ASIAN
1322,MBE
1323,10701
1323,Yonkers
1323,BLACK
1323,MBE
1324,Brooklyn
1324,BLACK
1324,11203
1324,MBE
1325,Long Island City
1325,NON-MINORITY
1325,11101
1325,WBE
1326,Staten Island
1326,10306
1326,WBE
1326,ASIAN
1326,MBE
1327,Brooklyn
1327,BLACK
1327,MBE
1327,11233
1328,Bronx
1328,10471
1328,NON-MINORITY
1328,WBE
1329,10460
1329,Bronx
1329,MBE
1329,HISPANIC
1330,10011
1330,New York
1330,HISPANIC
1330,WBE
1330,MBE
1331,New York
1331,10010
1331,MBE
1331,HISPANIC
1332,New York
1332,HISPANIC
1332,10040
1332,WBE
1332,MBE
1333,11104
1333,NON-MINORITY
1333,WBE
1333,Sunnyside
1334,BLACK
1334,Rego Park
1334,11374
1334,WBE
1334,MBE
1335,10280
1335,New York
1335,HISPANIC
1335,WBE
1335,MBE
1336,10016
1336,NON-MINORITY
1336,WBE
1336,New York
1337,BLACK
1337,11435
1337,Jamaica
1337,WBE
1337,MBE
1338,21207
1338,BLACK
1338,Baltimore
1338,MBE
1339,Brooklyn
1339,BLACK
1339,11201
1339,MBE
1340,Brooklyn
1340,BLACK
1340,MBE
1340,11236
1341,NON-MINORITY
1341,WBE
1341,Brooklyn
1341,11230
1342,BLACK
1342,8844
1342,MBE
1342,Hillsborough
1343,10001
1343,New York
1343,BLACK
1343,MBE
1344,Floral Park
1344,11001
1344,HISPANIC
1344,WBE
1344,MBE
1345,10001
1345,NON-MINORITY
1345,WBE
1345,New York
1346,11413
1346,BLACK
1346,Laurelton
1346,MBE
1347,NON-MINORITY
1347,WBE
1347,10036
1347,New York
1348,10308
1348,NON-MINORITY
1348,WBE
1348,Staten Island
1349,10011
1349,New York
1349,HISPANIC
1349,WBE
1349,MBE
1350,7751
1350,HISPANIC
1350,Morganville
1350,WBE
1350,MBE
1351,NON-MINORITY
1351,WBE
1351,New York
1351,10018
1352,Jamaica
1352,BLACK
1352,MBE
1352,11434
1353,10004
1353,New York
1353,WBE
1353,ASIAN
1353,MBE
1354,10016
1354,NON-MINORITY
1354,WBE
1354,New York
1355,10012
1355,New York
1355,HISPANIC
1355,WBE
1355,MBE
1356,7205
1356,Hillside
1356,HISPANIC
1356,WBE
1356,MBE
1357,10018
1357,New York
1357,WBE
1357,ASIAN
1357,MBE
1358,NON-MINORITY
1358,10023
1358,WBE
1358,New York
1359,New York
1359,BLACK
1359,10128
1359,MBE
1360,NON-MINORITY
1360,10038
1360,WBE
1360,New York
1361,11520
1361,Freeport
1361,BLACK
1361,MBE
1362,WBE
1362,ASIAN
1362,New York
1362,10013
1363,Bronx
1363,10453
1363,BLACK
1363,WBE
1363,MBE
1364,South Richmond Hill
1364,11419
1364,ASIAN
1364,MBE
1365,South Richmond Hill
1365,11419
1365,BLACK
1365,MBE
1366,NON-MINORITY
1366,WBE
1366,11020
1366,Great Neck
1367,Yonkers
1367,10710
1367,NON-MINORITY
1367,WBE
1368,Jamaica
1368,BLACK
1368,11432
1368,MBE
1369,NON-MINORITY
1369,WBE
1369,11235
1369,Brooklyn
1370,BLACK
1370,10018
1370,New York
1370,WBE
1370,MBE
1371,11787
1371,NON-MINORITY
1371,WBE
1371,Smithtown
1372,7666
1372,BLACK
1372,Teaneck
1372,MBE
1373,Flushing
1373,ASIAN
1373,MBE
1373,11354
1374,Jackson Heights
1374,11370
1374,ASIAN
1374,MBE
1375,NON-MINORITY
1375,West Nyack
1375,WBE
1375,10994
1376,NON-MINORITY
1376,11797
1376,WBE
1376,Woodbury
1377,Brooklyn
1377,11226
1377,BLACK
1377,MBE
1378,NON-MINORITY
1378,WBE
1378,New York
1378,10010
1379,St. Albans
1379,BLACK
1379,11412
1379,MBE
1380,10462
1380,Bronx
1380,HISPANIC
1380,WBE
1380,MBE
1381,LBE
1381,11103
1381,Astoria
1382,10027
1382,New York
1382,MBE
1382,HISPANIC
1383,NON-MINORITY
1383,WBE
1383,11215
1383,Brooklyn
1384,Valley Stream
1384,11581
1384,WBE
1384,ASIAN
1384,MBE
1385,White Plains
1385,10601
1385,MBE
1385,HISPANIC
1386,Webster
1386,NON-MINORITY
1386,14580
1386,WBE
1387,7036
1387,Linden
1387,ASIAN
1387,MBE
1388,Lodi
1388,7644
1388,ASIAN
1388,MBE
1389,Brooklyn
1389,BLACK
1389,MBE
1389,11233
1390,10018
1390,New York
1390,ASIAN
1390,MBE
1391,NON-MINORITY
1391,WBE
1391,10014
1391,New York
1392,North Bergen
1392,7047
1392,ASIAN
1392,MBE
1393,7407
1393,Elmwood Park
1393,ASIAN
1393,MBE
1394,20005
1394,NON-MINORITY
1394,Washington
1394,WBE
1395,10075
1395,WBE
1395,New York
1396,BLACK
1396,St. Albans
1396,11412
1396,WBE
1396,MBE
1397,NON-MINORITY
1397,WBE
1397,11530
1397,Garden City
1398,LBE
1398,Bronx
1398,NON-MINORITY
1398,10461
1398,WBE
1399,Bronx
1399,BLACK
1399,10469
1399,WBE
1399,MBE
1400,NON-MINORITY
1400,WBE
1400,11201
1400,Brooklyn
1401,10003
1401,NON-MINORITY
1401,WBE
1401,New York
1402,11411
1402,Cambria Heights
1402,ASIAN
1402,MBE
1403,Fort Lee
1403,7024
1403,ASIAN
1403,MBE
1404,Fort Lee
1404,7024
1404,ASIAN
1404,MBE
1405,10001
1405,New York
1405,BLACK
1405,MBE
1406,NON-MINORITY
1406,WBE
1406,10025
1406,New York
1407,East Meadow
1407,11554
1407,WBE
1407,ASIAN
1407,MBE
1408,Brooklyn
1408,BLACK
1408,11208
1408,WBE
1408,MBE
1409,7717
1409,NON-MINORITY
1409,WBE
1409,Avon by the Sea
1410,LBE
1410,11417
1410,Ozone Park
1410,ASIAN
1410,MBE
1411,NON-MINORITY
1411,WBE
1411,New York
1411,10010
1412,7666
1412,NON-MINORITY
1412,WBE
1412,Teaneck
1413,10456
1413,Bronx
1413,BLACK
1413,WBE
1413,MBE
1414,Paterson
1414,BLACK
1414,MBE
1414,7514
1415,NON-MINORITY
1415,10023
1415,WBE
1415,New York
1416,11580
1416,ASIAN
1416,MBE
1416,Valley Stream
1417,Brooklyn
1417,BLACK
1417,11214
1417,MBE
1418,LBE
1418,10016
1418,New York
1419,10002
1419,New York
1419,ASIAN
1419,MBE
